
-- Insert initial assets for a customer (e.g., TRY balance)
INSERT INTO ASSETS (CUSTOMER_ID, ASSET_NAME, size, usable_size) VALUES (   2, 'AAPL', 1000000, 1000000);
INSERT INTO ASSETS (CUSTOMER_ID, ASSET_NAME, size, usable_size) VALUES (   2, 'NVDA', 1000000, 1000000);
INSERT INTO ASSETS (CUSTOMER_ID, ASSET_NAME, size, usable_size) VALUES (   2, 'TRY', 1000000, 1000000);
INSERT INTO ASSETS (CUSTOMER_ID, ASSET_NAME, size, usable_size) VALUES (   3, 'MSFT', 1000000, 1000000);
INSERT INTO ASSETS (CUSTOMER_ID, ASSET_NAME, size, usable_size) VALUES (   3, 'GOOG', 1000000, 1000000);
INSERT INTO ASSETS (CUSTOMER_ID, ASSET_NAME, size, usable_size) VALUES (   3, 'TRY', 1000000, 1000000);
INSERT INTO ASSETS (CUSTOMER_ID, ASSET_NAME, size, usable_size) VALUES (   4, 'AMZN', 1000000, 1000000);
INSERT INTO ASSETS (CUSTOMER_ID, ASSET_NAME, size, usable_size) VALUES (   4, 'META', 1000000, 1000000);
INSERT INTO ASSETS (CUSTOMER_ID, ASSET_NAME, size, usable_size) VALUES (   4, 'TRY', 1000000, 1000000);
INSERT INTO ASSETS (CUSTOMER_ID, ASSET_NAME, size, usable_size) VALUES (   5, 'TSM', 1000000, 1000000);
INSERT INTO ASSETS (CUSTOMER_ID, ASSET_NAME, size, usable_size) VALUES (   5, 'TSLA', 1000000, 1000000);
INSERT INTO ASSETS (CUSTOMER_ID, ASSET_NAME, size, usable_size) VALUES (   5, 'TRY', 1000000, 1000000);
INSERT INTO ASSETS (CUSTOMER_ID, ASSET_NAME, size, usable_size) VALUES (   6, 'AAPL', 1000000, 1000000);
INSERT INTO ASSETS (CUSTOMER_ID, ASSET_NAME, size, usable_size) VALUES (   6, 'NVDA', 1000000, 1000000);
INSERT INTO ASSETS (CUSTOMER_ID, ASSET_NAME, size, usable_size) VALUES (   6, 'TRY', 1000000, 1000000);
INSERT INTO ASSETS (CUSTOMER_ID, ASSET_NAME, size, usable_size) VALUES (   7, 'MSFT', 1000000, 1000000);
INSERT INTO ASSETS (CUSTOMER_ID, ASSET_NAME, size, usable_size) VALUES (   7, 'GOOG', 1000000, 1000000);
INSERT INTO ASSETS (CUSTOMER_ID, ASSET_NAME, size, usable_size) VALUES (   7, 'TRY', 1000000, 1000000);
INSERT INTO ASSETS (CUSTOMER_ID, ASSET_NAME, size, usable_size) VALUES (   8, 'AMZN', 1000000, 1000000);
INSERT INTO ASSETS (CUSTOMER_ID, ASSET_NAME, size, usable_size) VALUES (   8, 'META', 1000000, 1000000);
INSERT INTO ASSETS (CUSTOMER_ID, ASSET_NAME, size, usable_size) VALUES (   8, 'TRY', 1000000, 1000000);
INSERT INTO ASSETS (CUSTOMER_ID, ASSET_NAME, size, usable_size) VALUES (   9, 'TSM', 1000000, 1000000);
INSERT INTO ASSETS (CUSTOMER_ID, ASSET_NAME, size, usable_size) VALUES (   9, 'TSLA', 1000000, 1000000);
INSERT INTO ASSETS (CUSTOMER_ID, ASSET_NAME, size, usable_size) VALUES (   9, 'TRY', 1000000, 1000000);
INSERT INTO ASSETS (CUSTOMER_ID, ASSET_NAME, size, usable_size) VALUES (   10, 'AAPL', 1000000, 1000000);
INSERT INTO ASSETS (CUSTOMER_ID, ASSET_NAME, size, usable_size) VALUES (   10, 'NVDA', 1000000, 1000000);
INSERT INTO ASSETS (CUSTOMER_ID, ASSET_NAME, size, usable_size) VALUES (   10, 'TRY', 1000000, 1000000);
INSERT INTO ASSETS (CUSTOMER_ID, ASSET_NAME, size, usable_size) VALUES (   11, 'MSFT', 1000000, 1000000);
INSERT INTO ASSETS (CUSTOMER_ID, ASSET_NAME, size, usable_size) VALUES (   11, 'GOOG', 1000000, 1000000);
INSERT INTO ASSETS (CUSTOMER_ID, ASSET_NAME, size, usable_size) VALUES (   11, 'TRY', 1000000, 1000000);

-- Insert initial orders for a customer
--INSERT INTO ORDERS ( VERSION, CREATE_DATE, CUSTOMER_ID, ASSET_NAME, ORDER_SIDE, SIZE, PRICE, STATUS) VALUES (1, CURRENT_TIMESTAMP,2, 'AAPL', 'BUY', 10, 150.00, 'PENDING');
--INSERT INTO ORDERS ( VERSION, CREATE_DATE, CUSTOMER_ID, ASSET_NAME, ORDER_SIDE, SIZE, PRICE, STATUS) VALUES (1, CURRENT_TIMESTAMP,2, 'AAPL', 'BUY', 10, 150.00, 'MATCHED');
--INSERT INTO ORDERS ( VERSION, CREATE_DATE, CUSTOMER_ID, ASSET_NAME, ORDER_SIDE, SIZE, PRICE, STATUS) VALUES (1, CURRENT_TIMESTAMP,2, 'AAPL', 'SELL', 10, 150.00, 'CANCELED');
--INSERT INTO ORDERS ( VERSION, CREATE_DATE, CUSTOMER_ID, ASSET_NAME, ORDER_SIDE, SIZE, PRICE, STATUS) VALUES (1, CURRENT_TIMESTAMP,2, 'NVDA', 'BUY', 10, 150.00, 'PENDING');
--INSERT INTO ORDERS ( VERSION, CREATE_DATE, CUSTOMER_ID, ASSET_NAME, ORDER_SIDE, SIZE, PRICE, STATUS) VALUES (1, CURRENT_TIMESTAMP,2, 'NVDA', 'BUY', 100, 150.00, 'PENDING');

-- Insert initial money for a customer
INSERT INTO MONEY (  CUSTOMER_ID, AMOUNT, IBAN, TYPE ) VALUES ( 1, 1000000, '', 'DEPOSIT');
INSERT INTO MONEY (  CUSTOMER_ID, AMOUNT, IBAN, TYPE ) VALUES ( 2, 1000000, '', 'DEPOSIT');
INSERT INTO MONEY (  CUSTOMER_ID, AMOUNT, IBAN, TYPE ) VALUES ( 3, 1000000, '', 'DEPOSIT');
INSERT INTO MONEY (  CUSTOMER_ID, AMOUNT, IBAN, TYPE ) VALUES ( 4, 1000000, '', 'DEPOSIT');
INSERT INTO MONEY (  CUSTOMER_ID, AMOUNT, IBAN, TYPE ) VALUES ( 5, 1000000, '', 'DEPOSIT');
INSERT INTO MONEY (  CUSTOMER_ID, AMOUNT, IBAN, TYPE ) VALUES ( 6, 1000000, '', 'DEPOSIT');
INSERT INTO MONEY (  CUSTOMER_ID, AMOUNT, IBAN, TYPE ) VALUES ( 7, 1000000, '', 'DEPOSIT');
INSERT INTO MONEY (  CUSTOMER_ID, AMOUNT, IBAN, TYPE ) VALUES ( 8, 1000000, '', 'DEPOSIT');
INSERT INTO MONEY (  CUSTOMER_ID, AMOUNT, IBAN, TYPE ) VALUES ( 9, 1000000, '', 'DEPOSIT');
INSERT INTO MONEY (  CUSTOMER_ID, AMOUNT, IBAN, TYPE ) VALUES ( 10, 1000000, '', 'DEPOSIT');
INSERT INTO MONEY (  CUSTOMER_ID, AMOUNT, IBAN, TYPE ) VALUES ( 11, 1000000, '', 'DEPOSIT');

-- Insert admin user and customer
INSERT INTO CUSTOMERS (  CUSTOMER_ID, USERNAME, PASSWORD) VALUES (1, 'admin','$2a$10$.gl08AehYSpnxL07ttwpfObf5JX85apYQCQdKmrVb3wTxFplXTw8G');
INSERT INTO CUSTOMERS (  CUSTOMER_ID, USERNAME, PASSWORD) VALUES (2, 'customer1','$2a$10$.gl08AehYSpnxL07ttwpfObf5JX85apYQCQdKmrVb3wTxFplXTw8G');
INSERT INTO CUSTOMERS (  CUSTOMER_ID, USERNAME, PASSWORD) VALUES (3, 'customer2','$2a$10$.gl08AehYSpnxL07ttwpfObf5JX85apYQCQdKmrVb3wTxFplXTw8G');
INSERT INTO CUSTOMERS (  CUSTOMER_ID, USERNAME, PASSWORD) VALUES (4, 'customer3','$2a$10$.gl08AehYSpnxL07ttwpfObf5JX85apYQCQdKmrVb3wTxFplXTw8G');
INSERT INTO CUSTOMERS (  CUSTOMER_ID, USERNAME, PASSWORD) VALUES (5, 'customer4','$2a$10$.gl08AehYSpnxL07ttwpfObf5JX85apYQCQdKmrVb3wTxFplXTw8G');
INSERT INTO CUSTOMERS (  CUSTOMER_ID, USERNAME, PASSWORD) VALUES (6, 'customer5','$2a$10$.gl08AehYSpnxL07ttwpfObf5JX85apYQCQdKmrVb3wTxFplXTw8G');
INSERT INTO CUSTOMERS (  CUSTOMER_ID, USERNAME, PASSWORD) VALUES (7, 'customer6','$2a$10$.gl08AehYSpnxL07ttwpfObf5JX85apYQCQdKmrVb3wTxFplXTw8G');
INSERT INTO CUSTOMERS (  CUSTOMER_ID, USERNAME, PASSWORD) VALUES (8, 'customer7','$2a$10$.gl08AehYSpnxL07ttwpfObf5JX85apYQCQdKmrVb3wTxFplXTw8G');
INSERT INTO CUSTOMERS (  CUSTOMER_ID, USERNAME, PASSWORD) VALUES (9, 'customer8','$2a$10$.gl08AehYSpnxL07ttwpfObf5JX85apYQCQdKmrVb3wTxFplXTw8G');
INSERT INTO CUSTOMERS (  CUSTOMER_ID, USERNAME, PASSWORD) VALUES (10, 'customer9','$2a$10$.gl08AehYSpnxL07ttwpfObf5JX85apYQCQdKmrVb3wTxFplXTw8G');
INSERT INTO CUSTOMERS (  CUSTOMER_ID, USERNAME, PASSWORD) VALUES (11, 'customer10','$2a$10$.gl08AehYSpnxL07ttwpfObf5JX85apYQCQdKmrVb3wTxFplXTw8G');

-- Insert admin role
INSERT INTO CUSTOMER_ROLES ( CUSTOMER_ID, ROLE) VALUES (1, 'ROLE_ADMIN');
INSERT INTO CUSTOMER_ROLES ( CUSTOMER_ID, ROLE) VALUES (2, 'ROLE_USER');
INSERT INTO CUSTOMER_ROLES ( CUSTOMER_ID, ROLE) VALUES (3, 'ROLE_USER');
INSERT INTO CUSTOMER_ROLES ( CUSTOMER_ID, ROLE) VALUES (4, 'ROLE_USER');
INSERT INTO CUSTOMER_ROLES ( CUSTOMER_ID, ROLE) VALUES (5, 'ROLE_USER');
INSERT INTO CUSTOMER_ROLES ( CUSTOMER_ID, ROLE) VALUES (6, 'ROLE_USER');
INSERT INTO CUSTOMER_ROLES ( CUSTOMER_ID, ROLE) VALUES (7, 'ROLE_USER');
INSERT INTO CUSTOMER_ROLES ( CUSTOMER_ID, ROLE) VALUES (8, 'ROLE_USER');
INSERT INTO CUSTOMER_ROLES ( CUSTOMER_ID, ROLE) VALUES (9, 'ROLE_USER');
INSERT INTO CUSTOMER_ROLES ( CUSTOMER_ID, ROLE) VALUES (10, 'ROLE_USER');
INSERT INTO CUSTOMER_ROLES ( CUSTOMER_ID, ROLE) VALUES (11, 'ROLE_USER');